"Source:","C:\Users\theco\OneDrive\Desktop\Robotics\MM_first\MM_first.kicad_sch"
"Date:","12/20/2023 3:17:55 AM"
"Tool:","Eeschema 7.0.6"
"Generator:","C:\Program Files\KiCad\7.0\bin\scripting\plugins/bom_csv_grouped_by_value_with_fp.py"
"Component Count:","33"
"Ref","Qnty","Value","Cmp name","Footprint","Description","Vendor","DNP"
"A2","1","Arduino_Nano_v3.x","Arduino_Nano_v3.x","Module:Arduino_Nano","Arduino Nano v3.x","",""
"BT1, BT2","2","Battery","Battery","Connector_JST:JST_PH_B2B-PH-K_1x02_P2.00mm_Vertical","Multiple-cell battery","",""
"C1","1","4.7u","C_Polarized","Capacitor_THT:CP_Radial_D5.0mm_P2.50mm","Polarized capacitor","",""
"C2","1",".1u","C","Capacitor_THT:CP_Radial_D5.0mm_P2.50mm","Unpolarized capacitor","",""
"H1","1","~","BallCaster","MM_footprintlib:BallCaster","","",""
"H2, H3","2","~","MotorBracket","MM_footprintlib:MotorBracket","","",""
"R1, R2, R3, R4, R5, R6, R7, R8","8","R","R","Resistor_SMD:R_0805_2012Metric","Resistor","",""
"R9","1","10k","R","Resistor_SMD:R_0805_2012Metric","Resistor","",""
"SW1","1","SW_Push","SW_Push","Button_Switch_THT:SW_PUSH_6mm","Push button switch, generic, two pins","",""
"TP1, TP2, TP3, TP4","4","TestPoint","TestPoint","TestPoint:TestPoint_Plated_Hole_D2.0mm","test point","",""
"U2","1","L293D","L293D","Package_DIP:DIP-16_W7.62mm","Quadruple Half-H Drivers","",""
"U4, U5","2","~","Encoder_4760","Connector_JST:JST_SH_BM06B-SRSS-TB_1x06-1MP_P1.00mm_Vertical","","",""
"U7, U8, U9, U10, U11, U12, U13, U14","8","~","IR_TRANS","LED_THT:LED_D3.0mm_Horizontal_O3.81mm_Z6.0mm","","",""
