Designator,Val,Package,Mid X,Mid Y,Rotation,Layer
BT1,Battery,JST_PH_B2B-PH-K_1x02_P2.00mm_Vertical,-14.7,11.684,0,top
BT2,Battery,JST_PH_B2B-PH-K_1x02_P2.00mm_Vertical,-22.828,11.684,0,top
R1,R,R_0805_2012Metric,29.083,41.656,90,top
R2,R,R_0805_2012Metric,3.429,79.629,0,top
R3,R,R_0805_2012Metric,-2.286,73.66,180,top
R4,R,R_0805_2012Metric,-35.433,41.7595,90,top
R5,R,R_1206_3216Metric_Pad1.30x1.75mm_HandSolder,-28.194,41.275,-90,top
R6,R,R_1206_3216Metric_Pad1.30x1.75mm_HandSolder,-1.778,79.629,0,top
R7,R,R_1206_3216Metric_Pad1.30x1.75mm_HandSolder,3.175,73.66,180,top
R8,R,R_1206_3216Metric_Pad1.30x1.75mm_HandSolder,34.798,41.402,0,top
