<?xml version="1.0" encoding="UTF-8"?>
<export version="E">
  <design>
    <source>C:\Users\theco\OneDrive\Desktop\Robotics\MM_first\MM_first.kicad_sch</source>
    <date>12/20/2023 3:17:55 AM</date>
    <tool>Eeschema 7.0.6</tool>
    <sheet number="1" name="/" tstamps="/">
      <title_block>
        <title>Mouse</title>
        <company>UC Robotics</company>
        <rev>v01</rev>
        <date>2023-11-26</date>
        <source>MM_first.kicad_sch</source>
        <comment number="1" value="Author: C Blake"/>
        <comment number="2" value=""/>
        <comment number="3" value=""/>
        <comment number="4" value=""/>
        <comment number="5" value=""/>
        <comment number="6" value=""/>
        <comment number="7" value=""/>
        <comment number="8" value=""/>
        <comment number="9" value=""/>
      </title_block>
    </sheet>
  </design>
  <components>
    <comp ref="A2">
      <value>Arduino_Nano_v3.x</value>
      <footprint>Module:Arduino_Nano</footprint>
      <datasheet>http://www.mouser.com/pdfdocs/Gravitech_Arduino_Nano3_0.pdf</datasheet>
      <libsource lib="MCU_Module" part="Arduino_Nano_v3.x" description="Arduino Nano v3.x"/>
      <property name="Sheetname" value=""/>
      <property name="Sheetfile" value="MM_first.kicad_sch"/>
      <property name="ki_description" value="Arduino Nano v3.x"/>
      <property name="ki_keywords" value="Arduino nano microcontroller module USB"/>
      <sheetpath names="/" tstamps="/"/>
      <tstamps>d9753d8b-e61c-4509-b759-32599bb55b31</tstamps>
    </comp>
    <comp ref="BT1">
      <value>Battery</value>
      <footprint>Connector_JST:JST_PH_B2B-PH-K_1x02_P2.00mm_Vertical</footprint>
      <libsource lib="MM1_Library" part="Battery" description="Multiple-cell battery"/>
      <property name="Sheetname" value=""/>
      <property name="Sheetfile" value="MM_first.kicad_sch"/>
      <property name="ki_description" value="Multiple-cell battery"/>
      <property name="ki_keywords" value="batt voltage-source cell"/>
      <sheetpath names="/" tstamps="/"/>
      <tstamps>10a74107-333d-43b0-8eea-586e9eca201f</tstamps>
    </comp>
    <comp ref="BT2">
      <value>Battery</value>
      <footprint>Connector_JST:JST_PH_B2B-PH-K_1x02_P2.00mm_Vertical</footprint>
      <libsource lib="MM1_Library" part="Battery" description="Multiple-cell battery"/>
      <property name="Sheetname" value=""/>
      <property name="Sheetfile" value="MM_first.kicad_sch"/>
      <property name="ki_description" value="Multiple-cell battery"/>
      <property name="ki_keywords" value="batt voltage-source cell"/>
      <sheetpath names="/" tstamps="/"/>
      <tstamps>c2b21a40-3d7b-4056-98db-435cea7bf5c4</tstamps>
    </comp>
    <comp ref="C1">
      <value>4.7u</value>
      <footprint>Capacitor_THT:CP_Radial_D5.0mm_P2.50mm</footprint>
      <libsource lib="Device" part="C_Polarized" description="Polarized capacitor"/>
      <property name="Sheetname" value=""/>
      <property name="Sheetfile" value="MM_first.kicad_sch"/>
      <property name="ki_description" value="Polarized capacitor"/>
      <property name="ki_keywords" value="cap capacitor"/>
      <sheetpath names="/" tstamps="/"/>
      <tstamps>2fbc0447-be70-45d9-ac03-abaa402bff36</tstamps>
    </comp>
    <comp ref="C2">
      <value>.1u</value>
      <footprint>Capacitor_THT:CP_Radial_D5.0mm_P2.50mm</footprint>
      <libsource lib="Device" part="C" description="Unpolarized capacitor"/>
      <property name="Sheetname" value=""/>
      <property name="Sheetfile" value="MM_first.kicad_sch"/>
      <property name="ki_description" value="Unpolarized capacitor"/>
      <property name="ki_keywords" value="cap capacitor"/>
      <sheetpath names="/" tstamps="/"/>
      <tstamps>b33c4072-67ab-49e5-9c9f-5e1de9a15b6e</tstamps>
    </comp>
    <comp ref="H1">
      <value>~</value>
      <footprint>MM_footprintlib:BallCaster</footprint>
      <libsource lib="MM_Lib" part="BallCaster" description=""/>
      <property name="Sheetname" value=""/>
      <property name="Sheetfile" value="MM_first.kicad_sch"/>
      <sheetpath names="/" tstamps="/"/>
      <tstamps>b7cc3257-0bbf-4b19-8693-7e3174bf7be1</tstamps>
    </comp>
    <comp ref="H2">
      <value>~</value>
      <footprint>MM_footprintlib:MotorBracket</footprint>
      <libsource lib="MM1_Library" part="MotorBracket" description=""/>
      <property name="Sheetname" value=""/>
      <property name="Sheetfile" value="MM_first.kicad_sch"/>
      <sheetpath names="/" tstamps="/"/>
      <tstamps>bde88c0f-6fbd-40b7-828f-47734f182492</tstamps>
    </comp>
    <comp ref="H3">
      <value>~</value>
      <footprint>MM_footprintlib:MotorBracket</footprint>
      <libsource lib="MM1_Library" part="MotorBracket" description=""/>
      <property name="Sheetname" value=""/>
      <property name="Sheetfile" value="MM_first.kicad_sch"/>
      <sheetpath names="/" tstamps="/"/>
      <tstamps>1d20e1dd-d0f4-4b32-b0bd-212e2a39e388</tstamps>
    </comp>
    <comp ref="R1">
      <value>R</value>
      <footprint>Resistor_SMD:R_0805_2012Metric</footprint>
      <libsource lib="MM1_Library" part="R" description="Resistor"/>
      <property name="Sheetname" value=""/>
      <property name="Sheetfile" value="MM_first.kicad_sch"/>
      <property name="ki_description" value="Resistor"/>
      <property name="ki_keywords" value="R res resistor"/>
      <sheetpath names="/" tstamps="/"/>
      <tstamps>e0dca8c0-72d0-4cd1-89bb-71caade97ffb</tstamps>
    </comp>
    <comp ref="R2">
      <value>R</value>
      <footprint>Resistor_SMD:R_0805_2012Metric</footprint>
      <libsource lib="MM1_Library" part="R" description="Resistor"/>
      <property name="Sheetname" value=""/>
      <property name="Sheetfile" value="MM_first.kicad_sch"/>
      <property name="ki_description" value="Resistor"/>
      <property name="ki_keywords" value="R res resistor"/>
      <sheetpath names="/" tstamps="/"/>
      <tstamps>96460747-f9d9-4bb1-a65f-f13c6a5da380</tstamps>
    </comp>
    <comp ref="R3">
      <value>R</value>
      <footprint>Resistor_SMD:R_0805_2012Metric</footprint>
      <libsource lib="MM1_Library" part="R" description="Resistor"/>
      <property name="Sheetname" value=""/>
      <property name="Sheetfile" value="MM_first.kicad_sch"/>
      <property name="ki_description" value="Resistor"/>
      <property name="ki_keywords" value="R res resistor"/>
      <sheetpath names="/" tstamps="/"/>
      <tstamps>e94b9aa9-93af-42d9-bf41-a50d64711d5d</tstamps>
    </comp>
    <comp ref="R4">
      <value>R</value>
      <footprint>Resistor_SMD:R_0805_2012Metric</footprint>
      <libsource lib="MM1_Library" part="R" description="Resistor"/>
      <property name="Sheetname" value=""/>
      <property name="Sheetfile" value="MM_first.kicad_sch"/>
      <property name="ki_description" value="Resistor"/>
      <property name="ki_keywords" value="R res resistor"/>
      <sheetpath names="/" tstamps="/"/>
      <tstamps>efd362c1-23cd-45e4-884d-1bbe788d56e9</tstamps>
    </comp>
    <comp ref="R5">
      <value>R</value>
      <footprint>Resistor_SMD:R_0805_2012Metric</footprint>
      <libsource lib="Device" part="R" description="Resistor"/>
      <property name="Sheetname" value=""/>
      <property name="Sheetfile" value="MM_first.kicad_sch"/>
      <property name="ki_description" value="Resistor"/>
      <property name="ki_keywords" value="R res resistor"/>
      <sheetpath names="/" tstamps="/"/>
      <tstamps>ef977aa9-4fe9-44d2-964e-e98e911be144</tstamps>
    </comp>
    <comp ref="R6">
      <value>R</value>
      <footprint>Resistor_SMD:R_0805_2012Metric</footprint>
      <libsource lib="Device" part="R" description="Resistor"/>
      <property name="Sheetname" value=""/>
      <property name="Sheetfile" value="MM_first.kicad_sch"/>
      <property name="ki_description" value="Resistor"/>
      <property name="ki_keywords" value="R res resistor"/>
      <sheetpath names="/" tstamps="/"/>
      <tstamps>ebc3528f-8a98-404b-9909-d058326a76cb</tstamps>
    </comp>
    <comp ref="R7">
      <value>R</value>
      <footprint>Resistor_SMD:R_0805_2012Metric</footprint>
      <libsource lib="Device" part="R" description="Resistor"/>
      <property name="Sheetname" value=""/>
      <property name="Sheetfile" value="MM_first.kicad_sch"/>
      <property name="ki_description" value="Resistor"/>
      <property name="ki_keywords" value="R res resistor"/>
      <sheetpath names="/" tstamps="/"/>
      <tstamps>e0dd3e2f-2f88-454d-a479-08cabae66341</tstamps>
    </comp>
    <comp ref="R8">
      <value>R</value>
      <footprint>Resistor_SMD:R_0805_2012Metric</footprint>
      <libsource lib="Device" part="R" description="Resistor"/>
      <property name="Sheetname" value=""/>
      <property name="Sheetfile" value="MM_first.kicad_sch"/>
      <property name="ki_description" value="Resistor"/>
      <property name="ki_keywords" value="R res resistor"/>
      <sheetpath names="/" tstamps="/"/>
      <tstamps>24c89523-3b72-4cd1-8d90-90ae06fd7151</tstamps>
    </comp>
    <comp ref="R9">
      <value>10k</value>
      <footprint>Resistor_SMD:R_0805_2012Metric</footprint>
      <libsource lib="Device" part="R" description="Resistor"/>
      <property name="Sheetname" value=""/>
      <property name="Sheetfile" value="MM_first.kicad_sch"/>
      <property name="ki_description" value="Resistor"/>
      <property name="ki_keywords" value="R res resistor"/>
      <sheetpath names="/" tstamps="/"/>
      <tstamps>af5a2e59-2442-4f63-823c-2320f3575032</tstamps>
    </comp>
    <comp ref="SW1">
      <value>SW_Push</value>
      <footprint>Button_Switch_THT:SW_PUSH_6mm</footprint>
      <libsource lib="Switch" part="SW_Push" description="Push button switch, generic, two pins"/>
      <property name="Sheetname" value=""/>
      <property name="Sheetfile" value="MM_first.kicad_sch"/>
      <property name="ki_description" value="Push button switch, generic, two pins"/>
      <property name="ki_keywords" value="switch normally-open pushbutton push-button"/>
      <sheetpath names="/" tstamps="/"/>
      <tstamps>c5dd4620-eef8-4792-8d49-03c77c039239</tstamps>
    </comp>
    <comp ref="TP1">
      <value>TestPoint</value>
      <footprint>TestPoint:TestPoint_Plated_Hole_D2.0mm</footprint>
      <libsource lib="Connector" part="TestPoint" description="test point"/>
      <property name="Sheetname" value=""/>
      <property name="Sheetfile" value="MM_first.kicad_sch"/>
      <property name="ki_description" value="test point"/>
      <property name="ki_keywords" value="test point tp"/>
      <sheetpath names="/" tstamps="/"/>
      <tstamps>d7e42135-5362-4a47-84de-603de0c57a91</tstamps>
    </comp>
    <comp ref="TP2">
      <value>TestPoint</value>
      <footprint>TestPoint:TestPoint_Plated_Hole_D2.0mm</footprint>
      <libsource lib="Connector" part="TestPoint" description="test point"/>
      <property name="Sheetname" value=""/>
      <property name="Sheetfile" value="MM_first.kicad_sch"/>
      <property name="ki_description" value="test point"/>
      <property name="ki_keywords" value="test point tp"/>
      <sheetpath names="/" tstamps="/"/>
      <tstamps>5abf5268-4dcc-411a-93b1-1417316eaa34</tstamps>
    </comp>
    <comp ref="TP3">
      <value>TestPoint</value>
      <footprint>TestPoint:TestPoint_Plated_Hole_D2.0mm</footprint>
      <libsource lib="Connector" part="TestPoint" description="test point"/>
      <property name="Sheetname" value=""/>
      <property name="Sheetfile" value="MM_first.kicad_sch"/>
      <property name="ki_description" value="test point"/>
      <property name="ki_keywords" value="test point tp"/>
      <sheetpath names="/" tstamps="/"/>
      <tstamps>5ff422cf-b374-4c75-9976-1d7bed5f34ca</tstamps>
    </comp>
    <comp ref="TP4">
      <value>TestPoint</value>
      <footprint>TestPoint:TestPoint_Plated_Hole_D2.0mm</footprint>
      <libsource lib="Connector" part="TestPoint" description="test point"/>
      <property name="Sheetname" value=""/>
      <property name="Sheetfile" value="MM_first.kicad_sch"/>
      <property name="ki_description" value="test point"/>
      <property name="ki_keywords" value="test point tp"/>
      <sheetpath names="/" tstamps="/"/>
      <tstamps>7a51b5f7-3f19-4ac2-ae20-a8755bd3dbd5</tstamps>
    </comp>
    <comp ref="U2">
      <value>L293D</value>
      <footprint>Package_DIP:DIP-16_W7.62mm</footprint>
      <datasheet>http://www.ti.com/lit/ds/symlink/l293.pdf</datasheet>
      <libsource lib="MM1_Library" part="L293D" description="Quadruple Half-H Drivers"/>
      <property name="Sheetname" value=""/>
      <property name="Sheetfile" value="MM_first.kicad_sch"/>
      <property name="ki_description" value="Quadruple Half-H Drivers"/>
      <property name="ki_keywords" value="Half-H Driver Motor"/>
      <sheetpath names="/" tstamps="/"/>
      <tstamps>1e468156-b0be-4970-8d3e-bf9318b4931c</tstamps>
    </comp>
    <comp ref="U4">
      <value>~</value>
      <footprint>Connector_JST:JST_SH_BM06B-SRSS-TB_1x06-1MP_P1.00mm_Vertical</footprint>
      <libsource lib="" part="Encoder_4760_1" description=""/>
      <property name="Sheetname" value=""/>
      <property name="Sheetfile" value="MM_first.kicad_sch"/>
      <sheetpath names="/" tstamps="/"/>
      <tstamps>41864027-a815-4a62-9b98-91097d5cbd6b</tstamps>
    </comp>
    <comp ref="U5">
      <value>~</value>
      <footprint>Connector_JST:JST_SH_BM06B-SRSS-TB_1x06-1MP_P1.00mm_Vertical</footprint>
      <libsource lib="MM1_Library" part="Encoder_4760" description=""/>
      <property name="Sheetname" value=""/>
      <property name="Sheetfile" value="MM_first.kicad_sch"/>
      <sheetpath names="/" tstamps="/"/>
      <tstamps>9d375569-4a7b-4ff3-ba18-dbc3376f780b</tstamps>
    </comp>
    <comp ref="U7">
      <value>~</value>
      <footprint>LED_THT:LED_D3.0mm_Horizontal_O3.81mm_Z6.0mm</footprint>
      <libsource lib="MM1_Library" part="IR_RECEI" description=""/>
      <property name="Sheetname" value=""/>
      <property name="Sheetfile" value="MM_first.kicad_sch"/>
      <sheetpath names="/" tstamps="/"/>
      <tstamps>41da08cf-d7bd-4534-b08a-4325a091b5ef</tstamps>
    </comp>
    <comp ref="U8">
      <value>~</value>
      <footprint>LED_THT:LED_D3.0mm_Horizontal_O3.81mm_Z6.0mm</footprint>
      <libsource lib="" part="IR_RECEI_3" description=""/>
      <property name="Sheetname" value=""/>
      <property name="Sheetfile" value="MM_first.kicad_sch"/>
      <sheetpath names="/" tstamps="/"/>
      <tstamps>5dd71f01-bd9c-4b55-9645-34d31d15ad5d</tstamps>
    </comp>
    <comp ref="U9">
      <value>~</value>
      <footprint>LED_THT:LED_D3.0mm_Horizontal_O3.81mm_Z6.0mm</footprint>
      <libsource lib="" part="IR_RECEI_2" description=""/>
      <property name="Sheetname" value=""/>
      <property name="Sheetfile" value="MM_first.kicad_sch"/>
      <sheetpath names="/" tstamps="/"/>
      <tstamps>238d6f96-f74b-4ab3-ad3a-be3c75a1b8bf</tstamps>
    </comp>
    <comp ref="U10">
      <value>~</value>
      <footprint>LED_THT:LED_D3.0mm_Horizontal_O3.81mm_Z6.0mm</footprint>
      <libsource lib="" part="IR_RECEI_1" description=""/>
      <property name="Sheetname" value=""/>
      <property name="Sheetfile" value="MM_first.kicad_sch"/>
      <sheetpath names="/" tstamps="/"/>
      <tstamps>91ab4e10-94b4-4266-93af-456e8e3cc0f7</tstamps>
    </comp>
    <comp ref="U11">
      <value>~</value>
      <footprint>LED_THT:LED_D3.0mm_Horizontal_O3.81mm_Z6.0mm</footprint>
      <libsource lib="" part="IR_TRANS_1" description=""/>
      <property name="Sheetname" value=""/>
      <property name="Sheetfile" value="MM_first.kicad_sch"/>
      <sheetpath names="/" tstamps="/"/>
      <tstamps>c06c2fbd-66e4-4c39-960c-d053fd37fe1f</tstamps>
    </comp>
    <comp ref="U12">
      <value>~</value>
      <footprint>LED_THT:LED_D3.0mm_Horizontal_O3.81mm_Z6.0mm</footprint>
      <libsource lib="" part="IR_TRANS_2" description=""/>
      <property name="Sheetname" value=""/>
      <property name="Sheetfile" value="MM_first.kicad_sch"/>
      <sheetpath names="/" tstamps="/"/>
      <tstamps>a0c9aefd-10ef-4126-96bc-cb8d95575613</tstamps>
    </comp>
    <comp ref="U13">
      <value>~</value>
      <footprint>LED_THT:LED_D3.0mm_Horizontal_O3.81mm_Z6.0mm</footprint>
      <libsource lib="" part="IR_TRANS_3" description=""/>
      <property name="Sheetname" value=""/>
      <property name="Sheetfile" value="MM_first.kicad_sch"/>
      <sheetpath names="/" tstamps="/"/>
      <tstamps>9ad06f08-0519-4b51-a923-37b44c5387b9</tstamps>
    </comp>
    <comp ref="U14">
      <value>~</value>
      <footprint>LED_THT:LED_D3.0mm_Horizontal_O3.81mm_Z6.0mm</footprint>
      <libsource lib="MM1_Library" part="IR_TRANS" description=""/>
      <property name="Sheetname" value=""/>
      <property name="Sheetfile" value="MM_first.kicad_sch"/>
      <sheetpath names="/" tstamps="/"/>
      <tstamps>01165361-fae0-41d9-b0ca-703a725b2079</tstamps>
    </comp>
  </components>
  <libparts>
    <libpart lib="" part="Encoder_4760_1">
      <fields>
        <field name="Reference">U</field>
      </fields>
      <pins>
        <pin num="1" name="GND" type="input"/>
        <pin num="2" name="OUT_B" type="input"/>
        <pin num="3" name="OUT_A" type="input"/>
        <pin num="4" name="VCC" type="input"/>
        <pin num="5" name="M2" type="input"/>
        <pin num="6" name="M1" type="input"/>
      </pins>
    </libpart>
    <libpart lib="" part="IR_RECEI_1">
      <fields>
        <field name="Reference">U</field>
      </fields>
      <pins>
        <pin num="1" name="HI" type="input"/>
        <pin num="2" name="LO" type="input"/>
      </pins>
    </libpart>
    <libpart lib="" part="IR_RECEI_2">
      <fields>
        <field name="Reference">U</field>
      </fields>
      <pins>
        <pin num="1" name="HI" type="input"/>
        <pin num="2" name="LO" type="input"/>
      </pins>
    </libpart>
    <libpart lib="" part="IR_RECEI_3">
      <fields>
        <field name="Reference">U</field>
      </fields>
      <pins>
        <pin num="1" name="HI" type="input"/>
        <pin num="2" name="LO" type="input"/>
      </pins>
    </libpart>
    <libpart lib="" part="IR_TRANS_1">
      <fields>
        <field name="Reference">U</field>
      </fields>
      <pins>
        <pin num="1" name="HI" type="input"/>
        <pin num="2" name="LO" type="input"/>
      </pins>
    </libpart>
    <libpart lib="" part="IR_TRANS_2">
      <fields>
        <field name="Reference">U</field>
      </fields>
      <pins>
        <pin num="1" name="HI" type="input"/>
        <pin num="2" name="LO" type="input"/>
      </pins>
    </libpart>
    <libpart lib="" part="IR_TRANS_3">
      <fields>
        <field name="Reference">U</field>
      </fields>
      <pins>
        <pin num="1" name="HI" type="input"/>
        <pin num="2" name="LO" type="input"/>
      </pins>
    </libpart>
    <libpart lib="Connector" part="TestPoint">
      <description>test point</description>
      <docs>~</docs>
      <footprints>
        <fp>Pin*</fp>
        <fp>Test*</fp>
      </footprints>
      <fields>
        <field name="Reference">TP</field>
        <field name="Value">TestPoint</field>
        <field name="Datasheet">~</field>
      </fields>
      <pins>
        <pin num="1" name="1" type="passive"/>
      </pins>
    </libpart>
    <libpart lib="Device" part="C">
      <description>Unpolarized capacitor</description>
      <docs>~</docs>
      <footprints>
        <fp>C_*</fp>
      </footprints>
      <fields>
        <field name="Reference">C</field>
        <field name="Value">C</field>
        <field name="Datasheet">~</field>
      </fields>
      <pins>
        <pin num="1" name="" type="passive"/>
        <pin num="2" name="" type="passive"/>
      </pins>
    </libpart>
    <libpart lib="Device" part="C_Polarized">
      <description>Polarized capacitor</description>
      <docs>~</docs>
      <footprints>
        <fp>CP_*</fp>
      </footprints>
      <fields>
        <field name="Reference">C</field>
        <field name="Value">C_Polarized</field>
        <field name="Datasheet">~</field>
      </fields>
      <pins>
        <pin num="1" name="" type="passive"/>
        <pin num="2" name="" type="passive"/>
      </pins>
    </libpart>
    <libpart lib="Device" part="R">
      <description>Resistor</description>
      <docs>~</docs>
      <footprints>
        <fp>R_*</fp>
      </footprints>
      <fields>
        <field name="Reference">R</field>
        <field name="Value">R</field>
        <field name="Datasheet">~</field>
      </fields>
      <pins>
        <pin num="1" name="" type="passive"/>
        <pin num="2" name="" type="passive"/>
      </pins>
    </libpart>
    <libpart lib="MCU_Module" part="Arduino_Nano_v3.x">
      <description>Arduino Nano v3.x</description>
      <docs>http://www.mouser.com/pdfdocs/Gravitech_Arduino_Nano3_0.pdf</docs>
      <footprints>
        <fp>Arduino*Nano*</fp>
      </footprints>
      <fields>
        <field name="Reference">A</field>
        <field name="Value">Arduino_Nano_v3.x</field>
        <field name="Footprint">Module:Arduino_Nano</field>
        <field name="Datasheet">http://www.mouser.com/pdfdocs/Gravitech_Arduino_Nano3_0.pdf</field>
      </fields>
      <pins>
        <pin num="1" name="D1/TX" type="bidirectional"/>
        <pin num="2" name="D0/RX" type="bidirectional"/>
        <pin num="3" name="~{RESET}" type="input"/>
        <pin num="4" name="GND" type="power_in"/>
        <pin num="5" name="D2" type="bidirectional"/>
        <pin num="6" name="D3" type="bidirectional"/>
        <pin num="7" name="D4" type="bidirectional"/>
        <pin num="8" name="D5" type="bidirectional"/>
        <pin num="9" name="D6" type="bidirectional"/>
        <pin num="10" name="D7" type="bidirectional"/>
        <pin num="11" name="D8" type="bidirectional"/>
        <pin num="12" name="D9" type="bidirectional"/>
        <pin num="13" name="D10" type="bidirectional"/>
        <pin num="14" name="D11" type="bidirectional"/>
        <pin num="15" name="D12" type="bidirectional"/>
        <pin num="16" name="D13" type="bidirectional"/>
        <pin num="17" name="3V3" type="power_out"/>
        <pin num="18" name="AREF" type="input"/>
        <pin num="19" name="A0" type="bidirectional"/>
        <pin num="20" name="A1" type="bidirectional"/>
        <pin num="21" name="A2" type="bidirectional"/>
        <pin num="22" name="A3" type="bidirectional"/>
        <pin num="23" name="A4" type="bidirectional"/>
        <pin num="24" name="A5" type="bidirectional"/>
        <pin num="25" name="A6" type="bidirectional"/>
        <pin num="26" name="A7" type="bidirectional"/>
        <pin num="27" name="+5V" type="power_out"/>
        <pin num="28" name="~{RESET}" type="input"/>
        <pin num="29" name="GND" type="power_in"/>
        <pin num="30" name="VIN" type="power_in"/>
      </pins>
    </libpart>
    <libpart lib="MM1_Library" part="Battery">
      <description>Multiple-cell battery</description>
      <docs>~</docs>
      <fields>
        <field name="Reference">BT</field>
        <field name="Value">Battery</field>
        <field name="Datasheet">~</field>
      </fields>
      <pins>
        <pin num="1" name="+" type="passive"/>
        <pin num="2" name="-" type="passive"/>
      </pins>
    </libpart>
    <libpart lib="MM1_Library" part="Encoder_4760">
      <fields>
        <field name="Reference">U</field>
      </fields>
      <pins>
        <pin num="1" name="GND" type="input"/>
        <pin num="2" name="OUT_B" type="input"/>
        <pin num="3" name="OUT_A" type="input"/>
        <pin num="4" name="VCC" type="input"/>
        <pin num="5" name="M2" type="input"/>
        <pin num="6" name="M1" type="input"/>
      </pins>
    </libpart>
    <libpart lib="MM1_Library" part="IR_RECEI">
      <fields>
        <field name="Reference">U</field>
      </fields>
      <pins>
        <pin num="1" name="HI" type="input"/>
        <pin num="2" name="LO" type="input"/>
      </pins>
    </libpart>
    <libpart lib="MM1_Library" part="IR_TRANS">
      <fields>
        <field name="Reference">U</field>
      </fields>
      <pins>
        <pin num="1" name="HI" type="input"/>
        <pin num="2" name="LO" type="input"/>
      </pins>
    </libpart>
    <libpart lib="MM1_Library" part="L293D">
      <description>Quadruple Half-H Drivers</description>
      <docs>http://www.ti.com/lit/ds/symlink/l293.pdf</docs>
      <footprints>
        <fp>DIP*W7.62mm*</fp>
      </footprints>
      <fields>
        <field name="Reference">U</field>
        <field name="Value">L293D</field>
        <field name="Footprint">Package_DIP:DIP-16_W7.62mm</field>
        <field name="Datasheet">http://www.ti.com/lit/ds/symlink/l293.pdf</field>
      </fields>
      <pins>
        <pin num="1" name="EN1,2" type="input"/>
        <pin num="2" name="1A" type="input"/>
        <pin num="3" name="1Y" type="output"/>
        <pin num="4" name="GND" type="power_in"/>
        <pin num="5" name="GND" type="power_in"/>
        <pin num="6" name="2Y" type="output"/>
        <pin num="7" name="2A" type="input"/>
        <pin num="8" name="VCC2" type="power_in"/>
        <pin num="9" name="EN3,4" type="input"/>
        <pin num="10" name="3A" type="input"/>
        <pin num="11" name="3Y" type="output"/>
        <pin num="12" name="GND" type="power_in"/>
        <pin num="13" name="GND" type="power_in"/>
        <pin num="14" name="4Y" type="output"/>
        <pin num="15" name="4A" type="input"/>
        <pin num="16" name="VCC1" type="power_in"/>
      </pins>
    </libpart>
    <libpart lib="MM1_Library" part="MotorBracket">
      <fields>
        <field name="Reference">H</field>
      </fields>
    </libpart>
    <libpart lib="MM1_Library" part="R">
      <description>Resistor</description>
      <docs>~</docs>
      <footprints>
        <fp>R_*</fp>
      </footprints>
      <fields>
        <field name="Reference">R</field>
        <field name="Value">R</field>
        <field name="Datasheet">~</field>
      </fields>
      <pins>
        <pin num="1" name="" type="passive"/>
        <pin num="2" name="" type="passive"/>
      </pins>
    </libpart>
    <libpart lib="MM_Lib" part="BallCaster">
      <fields>
        <field name="Reference">H</field>
      </fields>
    </libpart>
    <libpart lib="Switch" part="SW_Push">
      <description>Push button switch, generic, two pins</description>
      <docs>~</docs>
      <fields>
        <field name="Reference">SW</field>
        <field name="Value">SW_Push</field>
        <field name="Datasheet">~</field>
      </fields>
      <pins>
        <pin num="1" name="1" type="passive"/>
        <pin num="2" name="2" type="passive"/>
      </pins>
    </libpart>
  </libparts>
  <libraries>
    <library logical="Connector">
      <uri>C:\Program Files\KiCad\7.0\share\kicad\symbols\/Connector.kicad_sym</uri>
    </library>
    <library logical="Device">
      <uri>C:\Program Files\KiCad\7.0\share\kicad\symbols\/Device.kicad_sym</uri>
    </library>
    <library logical="MCU_Module">
      <uri>C:\Program Files\KiCad\7.0\share\kicad\symbols\/MCU_Module.kicad_sym</uri>
    </library>
    <library logical="MM1_Library">
      <uri>C:\Users\theco\OneDrive\Desktop\Robotics\MM_first/MM1_Library.kicad_sym</uri>
    </library>
    <library logical="MM_Lib">
      <uri>C:\Users\theco\OneDrive\Desktop\Robotics\MM_first/MM_Lib.kicad_sym</uri>
    </library>
    <library logical="Switch">
      <uri>C:\Program Files\KiCad\7.0\share\kicad\symbols\/Switch.kicad_sym</uri>
    </library>
  </libraries>
  <nets>
    <net code="1" name="+5V">
      <node ref="A2" pin="27" pinfunction="+5V" pintype="power_out"/>
      <node ref="SW1" pin="2" pinfunction="2" pintype="passive"/>
      <node ref="U10" pin="1" pinfunction="HI" pintype="input"/>
      <node ref="U2" pin="1" pinfunction="EN1,2" pintype="input"/>
      <node ref="U2" pin="9" pinfunction="EN3,4" pintype="input"/>
      <node ref="U4" pin="4" pinfunction="VCC" pintype="input"/>
      <node ref="U5" pin="4" pinfunction="VCC" pintype="input"/>
      <node ref="U7" pin="1" pinfunction="HI" pintype="input"/>
      <node ref="U8" pin="1" pinfunction="HI" pintype="input"/>
      <node ref="U9" pin="1" pinfunction="HI" pintype="input"/>
    </net>
    <net code="2" name="+BATT">
      <node ref="BT1" pin="1" pinfunction="+" pintype="passive"/>
      <node ref="BT2" pin="2" pinfunction="-" pintype="passive"/>
      <node ref="TP4" pin="1" pinfunction="1" pintype="passive"/>
    </net>
    <net code="3" name="GND">
      <node ref="A2" pin="29" pinfunction="GND" pintype="power_in"/>
      <node ref="A2" pin="4" pinfunction="GND" pintype="power_in"/>
      <node ref="BT1" pin="2" pinfunction="-" pintype="passive"/>
      <node ref="C1" pin="2" pintype="passive"/>
      <node ref="C2" pin="1" pintype="passive"/>
      <node ref="R5" pin="2" pintype="passive"/>
      <node ref="R6" pin="2" pintype="passive"/>
      <node ref="R7" pin="2" pintype="passive"/>
      <node ref="R8" pin="2" pintype="passive"/>
      <node ref="R9" pin="2" pintype="passive"/>
      <node ref="TP2" pin="1" pinfunction="1" pintype="passive"/>
      <node ref="U11" pin="2" pinfunction="LO" pintype="input"/>
      <node ref="U12" pin="2" pinfunction="LO" pintype="input"/>
      <node ref="U13" pin="2" pinfunction="LO" pintype="input"/>
      <node ref="U14" pin="2" pinfunction="LO" pintype="input"/>
      <node ref="U2" pin="12" pinfunction="GND" pintype="power_in"/>
      <node ref="U2" pin="13" pinfunction="GND" pintype="power_in"/>
      <node ref="U2" pin="4" pinfunction="GND" pintype="power_in"/>
      <node ref="U2" pin="5" pinfunction="GND" pintype="power_in"/>
      <node ref="U4" pin="1" pinfunction="GND" pintype="input"/>
      <node ref="U5" pin="1" pinfunction="GND" pintype="input"/>
    </net>
    <net code="4" name="Net-(A2-A0)">
      <node ref="A2" pin="19" pinfunction="A0" pintype="bidirectional"/>
      <node ref="R8" pin="1" pintype="passive"/>
      <node ref="U7" pin="2" pinfunction="LO" pintype="input"/>
    </net>
    <net code="5" name="Net-(A2-A1)">
      <node ref="A2" pin="20" pinfunction="A1" pintype="bidirectional"/>
      <node ref="R7" pin="1" pintype="passive"/>
      <node ref="U8" pin="2" pinfunction="LO" pintype="input"/>
    </net>
    <net code="6" name="Net-(A2-A2)">
      <node ref="A2" pin="21" pinfunction="A2" pintype="bidirectional"/>
      <node ref="R6" pin="1" pintype="passive"/>
      <node ref="U9" pin="2" pinfunction="LO" pintype="input"/>
    </net>
    <net code="7" name="Net-(A2-A3)">
      <node ref="A2" pin="22" pinfunction="A3" pintype="bidirectional"/>
      <node ref="R5" pin="1" pintype="passive"/>
      <node ref="TP3" pin="1" pinfunction="1" pintype="passive"/>
      <node ref="U10" pin="2" pinfunction="LO" pintype="input"/>
    </net>
    <net code="8" name="Net-(A2-A4)">
      <node ref="A2" pin="23" pinfunction="A4" pintype="bidirectional"/>
      <node ref="U4" pin="3" pinfunction="OUT_A" pintype="input"/>
    </net>
    <net code="9" name="Net-(A2-A5)">
      <node ref="A2" pin="24" pinfunction="A5" pintype="bidirectional"/>
      <node ref="U4" pin="2" pinfunction="OUT_B" pintype="input"/>
    </net>
    <net code="10" name="Net-(A2-A6)">
      <node ref="A2" pin="25" pinfunction="A6" pintype="bidirectional"/>
      <node ref="U5" pin="2" pinfunction="OUT_B" pintype="input"/>
    </net>
    <net code="11" name="Net-(A2-A7)">
      <node ref="A2" pin="26" pinfunction="A7" pintype="bidirectional"/>
      <node ref="U5" pin="3" pinfunction="OUT_A" pintype="input"/>
    </net>
    <net code="12" name="Net-(A2-D2)">
      <node ref="A2" pin="5" pinfunction="D2" pintype="bidirectional"/>
      <node ref="U2" pin="15" pinfunction="4A" pintype="input"/>
    </net>
    <net code="13" name="Net-(A2-D3)">
      <node ref="A2" pin="6" pinfunction="D3" pintype="bidirectional"/>
      <node ref="U2" pin="10" pinfunction="3A" pintype="input"/>
    </net>
    <net code="14" name="Net-(A2-D4)">
      <node ref="A2" pin="7" pinfunction="D4" pintype="bidirectional"/>
      <node ref="U2" pin="7" pinfunction="2A" pintype="input"/>
    </net>
    <net code="15" name="Net-(A2-D5)">
      <node ref="A2" pin="8" pinfunction="D5" pintype="bidirectional"/>
      <node ref="U2" pin="2" pinfunction="1A" pintype="input"/>
    </net>
    <net code="16" name="Net-(A2-D8)">
      <node ref="A2" pin="11" pinfunction="D8" pintype="bidirectional"/>
      <node ref="R9" pin="1" pintype="passive"/>
      <node ref="SW1" pin="1" pinfunction="1" pintype="passive"/>
    </net>
    <net code="17" name="Net-(A2-D9)">
      <node ref="A2" pin="12" pinfunction="D9" pintype="bidirectional"/>
      <node ref="R4" pin="1" pintype="passive"/>
    </net>
    <net code="18" name="Net-(A2-D10)">
      <node ref="A2" pin="13" pinfunction="D10" pintype="bidirectional"/>
      <node ref="R3" pin="1" pintype="passive"/>
    </net>
    <net code="19" name="Net-(A2-D11)">
      <node ref="A2" pin="14" pinfunction="D11" pintype="bidirectional"/>
      <node ref="R2" pin="1" pintype="passive"/>
    </net>
    <net code="20" name="Net-(A2-D12)">
      <node ref="A2" pin="15" pinfunction="D12" pintype="bidirectional"/>
      <node ref="R1" pin="1" pintype="passive"/>
    </net>
    <net code="21" name="Net-(U2-1Y)">
      <node ref="U2" pin="3" pinfunction="1Y" pintype="output"/>
      <node ref="U4" pin="5" pinfunction="M2" pintype="input"/>
    </net>
    <net code="22" name="Net-(U2-2Y)">
      <node ref="U2" pin="6" pinfunction="2Y" pintype="output"/>
      <node ref="U4" pin="6" pinfunction="M1" pintype="input"/>
    </net>
    <net code="23" name="Net-(U2-3Y)">
      <node ref="U2" pin="11" pinfunction="3Y" pintype="output"/>
      <node ref="U5" pin="5" pinfunction="M2" pintype="input"/>
    </net>
    <net code="24" name="Net-(U2-4Y)">
      <node ref="U2" pin="14" pinfunction="4Y" pintype="output"/>
      <node ref="U5" pin="6" pinfunction="M1" pintype="input"/>
    </net>
    <net code="25" name="Net-(U11-HI)">
      <node ref="R1" pin="2" pintype="passive"/>
      <node ref="U11" pin="1" pinfunction="HI" pintype="input"/>
    </net>
    <net code="26" name="Net-(U12-HI)">
      <node ref="R2" pin="2" pintype="passive"/>
      <node ref="U12" pin="1" pinfunction="HI" pintype="input"/>
    </net>
    <net code="27" name="Net-(U13-HI)">
      <node ref="R3" pin="2" pintype="passive"/>
      <node ref="U13" pin="1" pinfunction="HI" pintype="input"/>
    </net>
    <net code="28" name="Net-(U14-HI)">
      <node ref="R4" pin="2" pintype="passive"/>
      <node ref="U14" pin="1" pinfunction="HI" pintype="input"/>
    </net>
    <net code="29" name="VCC">
      <node ref="A2" pin="30" pinfunction="VIN" pintype="power_in"/>
      <node ref="BT2" pin="1" pinfunction="+" pintype="passive"/>
      <node ref="C1" pin="1" pintype="passive"/>
      <node ref="C2" pin="2" pintype="passive"/>
      <node ref="TP1" pin="1" pinfunction="1" pintype="passive"/>
      <node ref="U2" pin="16" pinfunction="VCC1" pintype="power_in"/>
      <node ref="U2" pin="8" pinfunction="VCC2" pintype="power_in"/>
    </net>
    <net code="30" name="unconnected-(A2-3V3-Pad17)">
      <node ref="A2" pin="17" pinfunction="3V3" pintype="power_out"/>
    </net>
    <net code="31" name="unconnected-(A2-AREF-Pad18)">
      <node ref="A2" pin="18" pinfunction="AREF" pintype="input"/>
    </net>
    <net code="32" name="unconnected-(A2-D0{slash}RX-Pad2)">
      <node ref="A2" pin="2" pinfunction="D0/RX" pintype="bidirectional"/>
    </net>
    <net code="33" name="unconnected-(A2-D1{slash}TX-Pad1)">
      <node ref="A2" pin="1" pinfunction="D1/TX" pintype="bidirectional"/>
    </net>
    <net code="34" name="unconnected-(A2-D6-Pad9)">
      <node ref="A2" pin="9" pinfunction="D6" pintype="bidirectional"/>
    </net>
    <net code="35" name="unconnected-(A2-D7-Pad10)">
      <node ref="A2" pin="10" pinfunction="D7" pintype="bidirectional"/>
    </net>
    <net code="36" name="unconnected-(A2-D13-Pad16)">
      <node ref="A2" pin="16" pinfunction="D13" pintype="bidirectional"/>
    </net>
    <net code="37" name="unconnected-(A2-~{RESET}-Pad3)">
      <node ref="A2" pin="3" pinfunction="~{RESET}" pintype="input"/>
    </net>
    <net code="38" name="unconnected-(A2-~{RESET}-Pad28)">
      <node ref="A2" pin="28" pinfunction="~{RESET}" pintype="input"/>
    </net>
  </nets>
</export>
